ttl,bg,max_hp,init_skill,init_luck,init_food,theme
Time Capsule -Adventure of the Graduation Day- タイムカプセル,img/bgi_room.png,20,7,9,2,8

id,type,text,options,e_name,e_skill,e_hp,next,bgm,bgi,effect
1,normal,"Just yesterday, I finished my graduation ceremony at the elementary school I’d attended for six years, and as of today, I have proudly attained the status of being 'unemployed.' Last night, three friends and I secretly drank non-alcoholic beer and stayed up all night, feeling as lightheaded as if we were actually drunk. Waking up at 10:00 AM with that lingering feeling, I felt the languid spring air and decided to go for a bike ride to clear my head. The sense of liberation from no longer having to go to school mixed complexly with a twinge of sadness that I could never go back. My destination wasn't decided yet, but I had to be home by dinner. It felt like my ample free time until April was actually condensed into these next few hours. \n\n昨日、六年間通い慣れた小学校の卒業式を終えたばかりの僕は、今日から晴れて「無職」という身分になった。\n昨夜は友達三人とこっそりノンアルコールビールを飲み、まるで本物の酒に酔ったような浮かれた気分で騒ぎ明かした。\nその余韻を引きずったまま午前十時に目を覚ました僕は、春特有のけだるい空気を感じながら、気晴らしにサイクリングへ出かけることに決めた。\n小学校へはもう通わなくていいという解放感と、同時にもう二度と通えないのだという一抹の寂しさが胸の中で複雑に混ざり合っている。\n目的地はまだ決まっていないが、夕飯の時間までには家に戻らなければならない。\n僕の自由な時間は四月までたっぷりとあるように見えて、実は今この数時間に凝縮されているような気がした。","Leave the house(家を出る)→2",,,,,bgm_peace.mp3,img/bgi_room.png,
2,normal,"My dual-income parents had already left for work, and the house was deathly quiet. Naturally, no lunch had been prepared, so I scavenged the kitchen to satisfy my hunger. I found a plain slice of bread and a single boiled egg in a basket. I threw them haphazardly into a lunch box and stuffed it at the bottom of my backpack. I put on a sweater and pulled my favorite hat down low. Well then, shall I go? Thinking about where to go would be a waste of precious time. With my current leg strength, I should be able to make a round trip to a place about three hours away. I decided to dash out of the house and figure out the specific destination in the wind while pedaling. \n\n共働きの両親はすでに仕事に出ていて、家の中はしんと静まり返っている。\n当然ながら昼食の支度などしてあるはずもなく、僕は空腹を満たすために台所を物色した。\n見つけたのは何の変哲もない食パン一枚と、籠に入っていたゆで卵が一玉。\nそれらを無造作に弁当箱へ放り込むと、中身が動かないようにバックパックの底へ押し込んだ。\nセーターを着込み、お気に入りの帽子を深く被る。\nさてと、行くか。\nどこへ行こうかと考えていては、刻一刻と過ぎていく貴重な時間がもったいない。\n片道三時間程度の場所までなら、今の僕の脚力なら十分に行って帰ってこれるはずだ。\nとにかく家を飛び出して、具体的な目的地は自転車を漕ぎながら風の中で考えることにした。","Go to the entrance(玄関へ向かう)→3,Go back to the room(部屋へもどる)→211",,,,,bgm_peace.mp3,img/bgi_room.png,
211,normal,"I return to my room and readjust my gear. However, having a resolution waver once is draining, both mentally and physically. Feeling a bit irritated by my own indecision, I fired myself up again. \n\n部屋へ戻り、もう一度身支度を整え直す。\nしかし、一度決めた決心が揺らぐのは、精神的にも体力的にも消耗するものだ。\n僕は自分の優柔不断さに少しだけ苛立ちを覚えながら、再び気合を入れ直した。","Pull myself together(気を取り直す)→1",,,,,bgm_peace.mp3,img/bgi_room.png,hp-1
3,normal,"As I casually glanced at the mailbox on my way out, three envelopes had arrived. One was a cram school solicitation for junior high, another was a mail-order catalog. And the last one made me tilt my head. It was addressed to 'Kevin Adams, 795-2 Noyama, Gunjyo City.' My house is '2-5-21 Omachi, Gunjyo City,' so both the address and name were completely different. It was a clear misdelivery, but I couldn't just leave it. Though I felt it was a bit of a hassle, I decided to stop by the nearby post office first to correct this mistake. The pre-noon streets bathed in spring sunlight were peaceful and calm, as if blessing me on the day after my graduation. Entering the post office, the cool, distinct smell of paper welcomed me. \n\n家を出る際に何気なくポストを覗くと、三通の封書が届いていた。\n一つは早速やってきた中学の塾の勧誘、もう一つは通信販売のカタログ。\nそして最後の一通を見て、僕は首を傾げた。\n「群青市野山795-2 足立和彦行き」とある。\n僕の家は「群青市大町2-5-21」だから、住所も名前も全くの別物だ。\n明らかな誤配だが、放っておくわけにもいかない。\n僕は少々面倒くさいなと思いながらも、まずは近くの郵便局へ寄ってこの間違いを正すことにした。\n春の陽光が降り注ぐ昼前の街並みは、卒業式翌日の僕を祝福しているかのように、実に閑かで穏やかな空気に満ちていた。\n郵便局の入り口をくぐると、ひんやりとした独特の紙の匂いが僕を迎えてくれた。","To the post office(郵便局へ)→4,Go back inside the house(家の中へもどる)→311",,,,,bgm_peace.mp3,img/bgi_post.png,
311,normal,"I close the front door and check the atmosphere of the house once more. I haven't forgotten anything, but each time I turn back, I feel the momentum of my adventure slipping away. I let out a small sigh and stepped out into the outside light again. \n\n玄関の扉を閉め、もう一度家の空気を確認する。\n忘れ物はないはずだが、足取りが戻るたびに、せっかくの冒険の勢いが削がれていくのを感じる。\n僕は小さくため息をつき、再び外の光の中へと踏み出した。","Proceed again(再び進む)→2",,,,,bgm_peace.mp3,img/bgi_post.png,hp-1
4,normal,"When I handed over the envelope at the counter saying, 'This was delivered by mistake,' a middle-aged clerk with glasses turned around slowly from his computer. The clerk took the letter and looked it over thoroughly. According to him, the destination address was an old place name from before the area was rezoned. When the clerk turned the letter over, there was a sender's name: 'From Kevin Adams, Elementary Schooler.' The clerk looked surprised and called out to his colleague. 'Hey, look at this, it's a time capsule! How nostalgic, it's been 30 years.' He said the special mark next to the stamp was proof. A special personal letter sent by a child 30 years ago to his future self. The moment I learned that fact, a flame of curiosity ignited in my heart. \n\n窓口で「間違って届いたんです」と言って封筒を差し出すと、コンピューターに向かっていた中年の眼鏡をかけた局員がゆっくりと振り向いた。\n局員は手紙を手に取り、「どれどれ」と隅々まで眺める。\n彼によれば、宛先の住所は区画整理される前の古い地名らしい。\n局員がさらに手紙を裏返すと、そこには「小学生の足立和彦より」という差出人名があった。\n局員は驚いた表情で隣の席の同僚に声をかけた。\n「おい、見てみなよ、これはタイムカプセルだよ！懐かしいなあ、もう30年も経ったのか。」\n切手の横にある特殊なマークがその証拠だという。\n30年前の子供が30年後の自分へ宛てて出した、特別な親書。\nその事実を知った瞬間、僕の心の中に好奇心の火が灯った。","Ask for details(詳しく聞く)→5,Go back outside(表へもどる)→411",,,,,bgm_talk.mp3,img/bgi_postoffice.png,
411,normal,"I exit through the post office's automatic doors and breathe the outside air. Each time I turn back, the sense of duty to deliver this letter feels like a slightly heavier burden. I scolded my indecisive feet and headed back to the counter. \n\n郵便局の自動ドアを出て、外の空気を吸う。\n引き返すたびに、この手紙を届けるという使命感が少しずつ重荷に感じられてくる。\n僕は自分の優柔不断な足を叱りつけ、再び局の窓口へと向かった。","Proceed again(再び進む)→3",,,,,bgm_talk.mp3,img/bgi_postoffice.png,hp-1
5,normal,"When I asked, 'What's a time capsule?' the clerks began to talk excitedly. Apparently, there was once a large-scale project where children sent messages to their future selves. Letters from 200 people chosen by lottery were packed into a sturdy metal sphere and shipped 30 years later. One clerk even shared his disappointment at losing the lottery and his failure of burying his own time capsule in a vacant lot, only for an apartment building to be built over it. Usually, the post office would keep it and send it to the regional department of the ward office, but a flash of inspiration hit me, and I blurted out. 'Oh, in that case, I have business at the ward office after this, so I'll deliver it responsibly!' I couldn't suppress the urge to deliver this letter with my own hands. \n\n「タイムカプセルって何なんですか」と僕が尋ねると、局員たちは嬉々として語り始めた。\nかつて、子供たちが未来の自分へメッセージを贈る大掛かりな事業があったのだという。\n頑丈な金属の球の中に、抽選で選ばれた二百人分の手紙を詰め込み、30年の時を経て発送されたのだ。\n局員自身も抽選に外れた悔しさを語り、自分だけのタイムカプセルを空き地に埋めたが、その上にマンションが建ってしまったという失敗談まで披露してくれた。\n通常であれば局で預かり、区役所の地域課へ回すのが決まりだが、僕はふと閃いて、とっさにこう言った。\n「あ、それなら、僕がこの後区役所に行く用事があるので、責任を持って届けてきます！」\nこの手紙を自分の手で届けたいという衝動が抑えられなかった。","To the ward office(区役所へ)→6,Backtrack the conversation(話をもどす)→511",,,,,bgm_adventure.mp3,img/bgi_past.png,
511,normal,"I interrupt the clerk's story once to organize my thoughts. Hearing the same story repeatedly drains mental energy. I sharpened my curiosity once more and listened to the clerk's words. \n\n局員の話を一度遮り、思考を整理する。\n同じ話を何度も聞き直すのは、精神的なエネルギーを消耗させる。\n僕は自分の好奇心をもう一度研ぎ澄ませ、局員の言葉に耳を傾けることにした。","Pull myself together(気を取り直す)→4",,,,,bgm_adventure.mp3,img/bgi_postoffice.png,hp-1
6,normal,"Practically snatching the letter from the postal clerk, I sped my bike to the ward office. Nice, very nice. It’s becoming interesting, as if the boring daily life until yesterday was a lie. This is definitely an adventure. On the very first day after graduating from elementary school, I took on a mission all my own that no one asked for. At the ward office, I told a transparent lie to the woman at the counter, saying it belonged to 'a long-lost uncle,' and had her look up Kevin's current address. The clerk squinted nostalgically and handed me a slip of paper with a laugh, saying, 'Oh, that gives away my age.' What was written there was 'The City of Stone' in Mizune Prefecture. It would take three hours by bike. A 50km trip to the neighboring prefecture. I unhesitatingly opened my atlas and mapped out the adventure route in my mind. \n\n郵便局員から手紙を奪い取るようにして受け取ると、僕は区役所へと自転車を猛スピードで走らせた。\nいいね、実にいい。\n昨日までの退屈な日常が嘘のように、面白いことになってきた。\nこれは間違いなく冒険だ。\n小学校を卒業して第一日目、僕は誰にも頼まれていない自分だけの任務を背負ったのだ。\n区役所では窓口の女性に「生き別れの叔父のものだ」という見え透いた嘘をついて、足立和彦さんの現在の住所を調べてもらった。\n所員は懐かしそうに目を細め、「あら、歳がばれちゃうわね」と笑いながら一枚の紙を差し出した。\nそこに書かれていたのは瑞畝県の石の都。\n自転車で三時間はかかるという。\n隣県までの５０キロの旅。\n僕は迷わず地図帳を広げ、冒険のルートを脳内に描き出した。","Depart on adventure(冒険に出発)→7,Go back to the post office(局へもどる)→611",,,,,bgm_talk.mp3,img/bgi_office.png,
611,normal,"I stop in the air-conditioned lobby of the ward office. I reflect on the exchange at the post office, but the sensation of returning the way I came is accompanied by a certain emptiness. I gripped the memo in my hand and reaffirmed my resolve for the adventure. \n\n区役所の冷房の効いたロビーで立ち止まる。\n郵便局でのやり取りを思い返すが、一度進んだ道を戻る感覚は、どこか虚しさを伴う。\n僕は手元のメモを握りしめ、再び冒険への決意を固めた。","Proceed again(再び進む)→5",,,,,bgm_talk.mp3,img/bgi_office.png,hp-1
7,normal,"Leaving the ward office, I confirmed the route to Mizune Prefecture that I’d decided on with a knowledgeable clerk and put power into my bike pedals. First, aim for Enami Highway. My sports-type bike felt light, and a tailwind seemed to be pushing my back. For a while, the road remained flat, with peaceful scenery of people selling apples by the roadside. I whistled a current hit song and kept pedaling with all my might. At the edge of my vision to the right, I could see the brown trains of the Kitagun Line rushing past. Considering traffic lights and vehicle flow, it would likely take three hours to reach the destination. I felt uneasy about getting lost, but more than that, a sense of exhilaration from pushing into unknown lands dominated me. I pedaled even faster, as if whipping myself forward. \n\n区役所を出た僕は、道に詳しい所員と相談して決めた瑞畝県までのルートを確認し、自転車のペダルに力を込めた。\nまずは江波街道を目指す。\nスポーツタイプの愛車の自転車の感触は軽く、追い風が僕の背中を後押ししてくれているようだ。\nしばらくは平らな道が続き、道端でリンゴを売っている長閑な風景が広がる。\n僕は今ヒットしている流行歌を口笛で吹きながら、全力で漕ぎ続けた。\n右手の視界の端には北群線の茶色い列車が走り去っていくのが見える。\n信号待ちや車の往来を考慮すれば、目的地まではやはり三時間はかかるだろう。\n道に迷う不安もあったが、それ以上に知らない土地へと突き進んでいく高揚感が僕を支配していた。\n僕は自分の尻を叩くようにして、さらに速度を上げた。","Proceed along the highway(街道を進む)→8,Go back to the ward office(区役所へもどる)→711",,,,,bgm_adventure.mp3,img/bgi_road.png,
711,normal,"I look back at the path I traveled from the entrance of the highway. Passing through the same scenery twice makes the adventure lose its freshness and wears down my heart more than physical fatigue. I looked forward and put all my weight on the pedals again. \n\n街道の入り口から、一度来た道を振り返る。\n同じ景色を二度通ることは、冒険の新鮮さを失わせ、肉体的な疲労以上に僕の心を削っていく。\n僕は前を向き、再びペダルに全体重を乗せた。","Proceed again(再び進む)→6",,,,,bgm_adventure.mp3,img/bgi_road.png,hp-1
8,normal,"Finally crossing the Gosho River and reaching the opposite bank, I decided to sit on the embankment and take a breather. When I took the lunch box out of my backpack, it contained a single unadorned slice of bread and one boiled egg. It was a huge mistake that I forgot to bring jam or butter for the bread, or even salt for the egg. However, eating outdoors after pedaling a bike with all my might tastes delicious, the simpler the better. Even things I usually dislike, I felt I could finish them now. There were various people on the embankment—fishermen, joggers, and families on walks—but I was the only elementary schooler alone at this time. I finished lunch while soaking in a secret sense of superiority, as if I alone were enjoying a special freedom. \n\nようやく五所川を渡り切り、向こう岸に辿り着いたところで、僕は土手に腰を下ろして一息つくことにした。\nバックパックから弁当箱を取り出すと、中には何の変哲もないパン一枚とゆで卵が一玉。\nパンにはジャムもバターも塗っていないし、ゆで卵にかける塩さえ持ってくるのを忘れたのは大失敗だった。\nしかし、全力で自転車を漕ぎ後の屋外での食事は、素朴であればあるほど体に染み渡るように美味しい。\n普段なら嫌がって食べないようなものでも、今の僕なら平らげてしまえる気がした。\n土手には釣り人やジョギング中の人、散歩をする家族連れなど様々な人々がいたが、この時間に一人でいる小学生は僕だけだ。\n自分だけが特別な自由を享受しているような、密かな優越感に浸りながら昼食を終えた。","Proceed further(先へ進む)→9,Go back to the highway(街道へもどる)→811",,,,,bgm_peace.mp3,img/bgi_river.png,eat
811,normal,"Trying to leave the peaceful riverbank scenery, I find myself missing the bustle of the highway. However, losing sight of the direction to proceed means the end of the journey. I picked myself up and stepped into the continuation of the adventure again. \n\n河原の穏やかな風景を後にしようとして、つい街道の賑やかさが恋しくなる。\nしかし、進むべき方向を見失うことは、旅の終わりを意味する。\n僕は重い腰を上げ、再び冒険の続きへと足を踏み出した。","Proceed again(再び進む)→7",,,,,bgm_peace.mp3,img/bgi_river.png,hp-1
9,normal,"The ride until entering Mizune Prefecture was mostly in a straight line. As I passed under the Kannaka Expressway and crossed several large highways, the scenery began to lose its urban colors. Traveling from Enami to Shionji, then past the Mitashi City Highway, I suddenly faced a major fact. I really did graduate from that elementary school. That place where I spent more than half my life—six years. Memories overflowed: being a crybaby in lower grades, fights with friends, being hospitalized for an injury, dodgeball and soccer in the schoolyard, the noise of cleaning time and class meetings. There was no end to the memories if I tried to recall them. All of them have already become 'the past.' The feeling that the place I belonged until yesterday was gone made my legs feel a little heavy as I pedaled. \n\n瑞畝県に入るまでは殆ど直線距離の走行が続く。\n幹中自動車道を潜り、いくつもの大きな街道を横切っていくうちに、景色は少しずつ都市の色を失い始めた。\n江波から紫音寺へ、さらに三十田市街道を越えていく中で、僕はふと重大な事実に直面した。\n自分は本当に、あの小学校を卒業したんだ。\n六年間という、生まれてから半分以上を過ごしたあの場所。\n泣き虫だった低学年の頃、友達との喧嘩、怪我をして入院したこと、校庭でのドッジボールやサッカー、掃除の時間や学級会の喧騒。\n思い出そうとすれば切りがないほど記憶が溢れ出してくる。\nそれら全てが、もう「過去」のものになってしまったのだ。\n昨日までの居場所がなくなったという感覚が、ペダルを漕ぐ足を少しだけ重くさせた。","Immerse in memories(思い出に浸る)→10,Go back to the riverbank(河原へもどる)→911",,,,,bgm_sad.mp3,img/bgi_road.png,
911,normal,"In the middle of the straight road, I stop my feet, thinking I heard the murmuring of the river. My heart, swinging between the past and the future, wears down a little each time I wander the same spot. I forced myself to look ahead and stepped on the pedals. \n\n直線道路の途中で、川のせせらぎが聞こえた気がして足を止める。\n過去と未来の間で揺れ動く僕の心は、同じ場所を彷徨うたびに少しずつ摩耗していく。\n僕は無理やり前を見据え、ペダルを踏み込んだ。","Proceed again(再び進む)→8",,,,,bgm_sad.mp3,img/bgi_road.png,hp-1
10,normal,"I ask myself. This isn't the end; rather, it's a new beginning. I’ll soon be a junior high student in a uniform. However, the things I associate with 'junior high' are too-strict club activities, insidious senior-junior relationships, school violence, the unavoidable entrance exams... What is this? It’s all things that seem boring. Especially the grade above us—those sixth graders who acted so bossy when we were in fifth grade. The outlook is dark for a world where they reign as seniors. Even though I just graduated yesterday, I already feel homesick for the fun of elementary school. Far larger than expectation for the future, a giant, unidentifiable anxiety tightened around my heart. \n\n僕は自分に問いかける。\nここで終わりじゃない、むしろここが新しい始まりなんだと。\n僕ももうすぐ制服を着た中学生になる。\nしかし、中学校という言葉から連想されるのは、厳しすぎる部活、陰湿な先輩後輩関係、校内暴力、避けては通れない受験……。\n何だこりゃ、つまらなそうなものばかりではないか。\n特に一つ上の学年は、五年生の時に威張り散らしていたあの六年生たちなのだ。\n彼らが先輩として君臨する世界に見通しは暗い。\n昨日卒業したばかりだというのに、僕はもう小学校の楽しさが懐かしくてたまらなくなってしまった。\n未来に対する期待よりも、正体のわからない巨大な不安の方が遥かに大きく、僕の心臓をじりじりと締め付ける。","Shake off anxiety(不安を払う)→11,Go back to the highway(街道へもどる)→1011",,,,,bgm_sad.mp3,img/bgi_road.png,
1011,normal,"I'm about to be crushed by anxiety and find myself seeking the scenery of the highway I was just riding on. However, looking back at the past surely drains my physical strength. I took a deep breath and faced reality again. \n\n不安に押しつぶされそうになり、つい先ほどまで走っていた街道の景色を追い求めてしまう。\nしかし、過去を振り返ることは、今の僕の体力を確実に奪っていく。\n僕は深呼吸をし、再び現実と向き合った。","Proceed again(再び進む)→9",,,,,bgm_sad.mp3,img/bgi_road.png,hp-1
11,battle,"Suddenly, the path ahead felt as if it were shrouded in dark mist. The 'sense of stagnation toward the future' created by my heart became an intangible black monster blocking my way. A primal fear of leaving the protected place of elementary school and stepping into an unknown world is trying to push me back. I can't move forward like this. I gripped the handlebars tightly and stood up to smash the anxiety about junior high and the doubts about myself. This isn't just a trip on a bike; it's a trial to overcome the 'weakness' within myself. I gathered my courage and charged with all my might into the shadow of my heart. \n\n進むべき道が突然、暗い霧に包まれたような感覚に陥った。\n僕の心が生み出した「将来への停滞感」が、実体のない黒い怪物となって行く手を阻む。\n小学校という守られた場所を離れ、未知の世界へ踏み出すことへの根源的な恐怖が、僕を押し戻そうとしているのだ。\nこのままでは前に進めない。\n僕は強くハンドルを握りしめ、中学への不安や自分自身への疑念を打ち砕くために立ち向かった。\nこれは自転車で走るだけの旅ではない、自分の中にある「弱さ」を乗り越えるための試練なのだ。\n僕は勇気を振り絞り、心の影に向かって全力で突進した。","Break through the fear(恐怖を突破する)",Fear of the Unknown 未知への恐怖,6,6,12,bgm_battle.mp3,img/bgi_battle.png,
12,normal,"Having overcome the intense conflict, I decided to stop by a gas station to use the restroom. I drank a cold juice in the corner of the break area. When I go cycling, I always make a point of using the gas station restroom instead of a convenience store. Park restrooms are usually dirty, and convenience stores make me feel obligated to buy something, but gas stations have restrooms clearly visible from the road, making me feel like a seasoned traveler on a long journey or a full-fledged adult. That feeling of acting a bit older gave me a momentary boost of confidence. The time was 2:00 PM. If things continued smoothly, I should reach the destination, the City of Stone, by 3:00 PM. I got back on the saddle and pedaled powerfully once more. \n\n激しい葛藤を乗り越え、僕はガソリンスタンドに寄って用を足すことにした。\n休憩所の片隅で冷たいジュースを飲む。\n僕はいつもサイクリングの時、あえてコンビニではなくガソリンスタンドのトイレを借りることにしている。\n公園のトイレはだいたい汚いし、コンビニでは何かを買わなければならないという義務感が生じるが、ガソリンスタンドなら道からもよく見える場所に便所があり、まるで自分が長旅を続ける熟練の旅人や、一人前の大人になったような気分になれるからだ。\n少し背伸びをした感覚が、僕に束の間の自信を与えてくれた。\n時刻は14時。\nこのまま順調にいけば、15時には目的地の石の都に着くだろう。\n僕は再びサドルに跨り、ペダルを力強く踏み出した。","Resume the journey(旅を再開)→13,Go back to the highway(街道へもどる)→1211",,,,,bgm_peace.mp3,img/bgi_gs.png,luck+1
1211,normal,"While listening to the sound of the gas station pumps, I recall the fierce battle from earlier. Leaving a place where I once found peace requires more energy than imagined. I threw away the empty juice can and started riding again. \n\nガソリンスタンドの給油機の音を聞きながら、先ほどまでの激闘を思い出す。\n一度安らぎを得た場所から離れるのは、想像以上にエネルギーを必要とする。\n僕はジュースの空き缶を捨て、再び走り出した。","Proceed again(再び進む)→10",,,,,bgm_peace.mp3,img/bgi_road.png,hp-1
13,normal,"Before I knew it, the scenery had changed to peaceful countryside. Traffic decreased, and I was lost in thought while pedaling leisurely. However, that carelessness became my undoing. When I came to my senses, I was brilliantly lost. Dammit, where on earth am I? Fields stretched as far as the eye could see, and looking back, I saw a horizon I’d never seen before. Small paths intersected complexly like a grid, disappearing into the distant shadows of mountains. Not a single house was in sight, and the only thing I could hear was the sound of the wind. I didn't have time to be moved; I had to find Kevin's house quickly. It was past 2:30 PM, and the sun had hidden behind clouds before I knew it, leaving no trace of the bright sunlight from earlier. \n\n風景はいつしかのどかな田園地帯へと変わっていた。\n車の通りも少なくなり、僕はゆったりと漕ぎながら物思いに耽っていた。\nところが、その油断が仇となった。\nふと我に返ると、僕は見事に道に迷っていた。\nやっちまった、ここは一体どこだ。\n見渡す限りの田畑が広がり、後を振り返れば初めて見るような地平線が見える。\n碁盤の目のように小道が複雑に交差しており、それらは遥か彼方の山影へと消えている。\n辺りには民家一軒見当たらず、聞こえてくるのは風の音だけだ。\n感動している暇はない、早く足立和彦さんの家を見つけなければならない。\n14時半を過ぎ、太陽はいつの間にか雲に隠れ、さっきまでの明るい日差しは見る影もなくなっていた。","Search the surroundings(周囲を探る)→14,Go back to the gas station(ガソリンスタンドへもどる)→1311",,,,,bgm_lost.mp3,img/bgi_field.png,
1311,normal,"In the middle of the endless rice fields, I try desperately to remember the way I came. However, circling the same spot in a daze drains physical strength severely. Trusting my intuition, I started riding recklessly again. \n\nどこまでも続く田んぼの中で、来た道を必死に思い出そうとする。\nしかし、迷いの中で同じ場所をぐるぐると回ることは、体力を激しく消耗させる。\n僕は自分の直感を信じ、再び闇雲に走り出した。","Proceed again(再び進む)→12",,,,,bgm_lost.mp3,img/bgi_field.png,hp-1
14,normal,"I saw a human figure on the road over there. A person! I lifted my hips and pedaled recklessly to get closer to the figure. It was a farmer wearing a hat with a towel around his neck. I was about to ask something, but the moment I received his casual glance, I passed right by. That’s right, no need to rush. For those who live here, this is an everyday town, and they don't get lost. Tomorrow is a holiday anyway, and this is a contiguous land. I started whistling lightheartedly again and kept riding for about thirty minutes. And finally, I reached the 'City of Stone,' surrounded by fences with blooming flowers. There were about three hundred houses of identical shape lined up in an orderly fashion, presenting a mysterious sight. \n\n見ると、向こう側の道に人影が見えた。\n人だ！僕は腰を浮かせ、がむしゃらにペダルを漕いでその人影に近づいた。\n帽子を被り、手拭いを首に掛けた農家の人だった。\n何か聞こうとしたが、その人の何気ない視線を受けた瞬間、僕はそのまま通り過ぎてしまった。\nそうだ、焦る必要はない。\nここに住んでいる人にとってはここは日常の町であり、道に迷うこともないのだ。\nどうせ明日も休みだし、ここは地続きの国なのだ。\n僕は再び気楽に口笛を吹き始め、三十分ほど走り続けた。\nそしてついに、花の咲き乱れる柵に囲まれた「石の都」に辿り着いた。\nそこには三百軒ほどもあろうかという同じ形の家々が整然と並び、不思議な光景が広がっていた。","To Kevin's house(足立の家へ)→15,Go back to the lost path(迷った道へもどる)→1411",,,,,bgm_lost.mp3,img/bgi_town.png,hp-1
1411,normal,"I recall the wordless encounter with the farmer and regret not asking anything. However, regret only makes my legs heavier. Taking responsibility for my decision, I proceeded deeper into the City of Stone. \n\n農家の方との無言のすれ違いを思い出し、何か聞けばよかったと後悔する。\nしかし、後悔は足を重くするだけだ。\n僕は自分の決断に責任を持ち、石の都の奥深くへと進んでいった。","Proceed again(再び進む)→13",,,,,bgm_lost.mp3,img/bgi_field.png,hp-1
15,normal,"The landscape of the City of Stone is such that identical houses are lined up, so a first-timer might get lost if not careful. Relying on the address I heard at the ward office, I checked the nameplates one by one. And finally, I found the house engraved with the target name 'Adams.' The exterior was exactly the same as the surrounding houses, but a slightly ill-looking, poorly maintained car was parked in the driveway. Though the curtains were tightly closed, there was a sense of someone being inside. I felt my throat go dry with tension as I walked with heavy steps to the entrance. I am about to deliver the feelings entrusted by a child from 30 years ago. With my fingertips trembling, I pushed the intercom button hard. \n\n石の都の風景は、似た形の家が並んでいるので、初めて訪れた身としては、気をつけないと迷ってしまいそうだ。\n僕は区役所で聞いた住所を頼りに、一軒一軒表札を確認しながら進んだ。\nそしてついに、目的の「足立」という名が刻まれた家を見つけ出した。\n外観は周囲の家と寸分違わず同じだが、駐車場には少し人相の悪い、手入れの行き届いていない車が置かれていた。\nカーテンは固く閉ざされているものの、中に誰かがいる気配はある。\n僕は緊張で喉が渇くのを感じながら、重い足取りで玄関まで歩み寄った。\n30年前の子供が託した想いを、今から僕は届けるのだ。\n指先を震わせながら、僕はインターホンのボタンを強く押し込んだ。","Press the intercom(インターホンを押す)→16,Go back to the entrance of the city(入口へもどる)→1511",,,,,bgm_mystic.mp3,img/bgi_door.png,
1511,normal,"I stop in front of the orderly houses and dare to turn back to the entrance. However, considering the long journey to get here, it would be equal to betraying myself. I suppressed my trembling hands and headed back to Kevin's house. \n\n整然と並ぶ家々の前で立ち止まり、あえて入り口まで引き返そうとする。\nしかし、ここまでの長い道のりを思えば、それは自分への裏切りに等しい。\n僕は震える手を抑え、再び足立の家へと向かった。","Go to the house again(再び向かう)→14",,,,,bgm_mystic.mp3,img/bgi_town.png,hp-1
16,normal,"I rang the chime and waited for a while, but there was no reply. I pressed the button again. Eventually, heavy footsteps were heard from inside, and the door opened slowly. Standing there was a tall, grumpy-looking man who looked much older than his actual age, with no trace of the 'Kevin Adams' I had imagined. His voice was low and intimidating as he said, 'Yes, what is it?' Upon seeing me, the man spat out, 'What are you? Stop with the pranks. Go away already,' and slammed the door violently without waiting for my words. I stood there dazed, but I couldn't back down here. My obsession after riding 50km wasn't that cheap. \n\nチャイムを鳴らしてしばらく待ったが、返事はない。\n僕はもう一度ボタンを押した。\nやがて内側から重い足音が聞こえ、ドアがゆっくりと開いた。\nそこに立っていたのは、僕が想像していたような「足立和彦君」の面影など全くない、実年齢よりもだいぶ老けた印象の、背の高い不機嫌そうな男だった。\n「はい、何でしょう」という声は低く、威圧的だ。\n男は僕を見るなり「何だお前は、イタズラはやめろ。\n早く行け」と吐き捨てるように言い、僕の言葉を待たずにドアを乱暴に閉めてしまった。\n僕は唖然としてその場に立ち尽くしたが、ここで引き下がるわけにはいかない。\n５０キロを走ってきた僕の執念は、そんなに安くないのだ。","Press again(もう一度押す)→17,Go back outside the gate(門の外へもどる)→1611",,,,,bgm_none.mp3,img/bgi_door.png,
1611,normal,"In front of the closed door, I'm about to doubt my own enthusiasm. I feel tempted to return outside the gate and escape from this place, but that is just useless resistance that drains physical strength. I stood in front of the entrance again. \n\n閉ざされたドアの前で、かつての自分自身の熱意を疑いそうになる。\n門の外へ戻り、この場から逃げ出したい誘惑に駆られるが、それは体力を削るだけの無駄な抵抗だ。\n僕は再び玄関の前に立った。","To the entrance again(再び玄関へ)→15",,,,,bgm_none.mp3,img/bgi_door.png,hp-1
17,normal,"I kept pressing the intercom a third time. The door opened again, and the man appeared, scratching his hair. 'You're noisy! What do you want? I'm working! I'll call the police!' The man's roar echoed through the residential area. Without flinching, I pulled that important envelope from my backpack and thrust it before the man's eyes. 'A time capsule! I came to deliver this! It's a letter from you 30 years ago! Don't you remember!' The man just said coldly, 'Oh, really,' and tried to close the door again. I shouted into the gap. 'Mr.Adams! This has nothing to do with me, but this letter should be important to you!' Still, nothing could be heard from inside the house anymore. \n\n僕は三度インターホンを押し続けた。\n再びドアが開き、男が髪をかきむしりながら姿を現した。\n「うるさいんだよお前は！何の用だ、俺は仕事中なんだよ！警察を呼ぶぞ！」\n男の怒号が住宅街に響き渡る。\n僕はひるまずに、バックパックからあの大切な封書を取り出し、男の目の前に突きつけた。\n「あ、タイムカプセル！これを届けに来ました！30年前のあなたからの手紙なんです！覚えてないんですか！」\n男は「あっそ」とだけ冷たく言い放ち、またしてもドアを閉めようとした。\n僕はその隙間に向かって叫んだ。\n「足立さん！僕には全く関係ないことだけど、この手紙はあなたにとって大事なもののはずです！」\nそれでも家の中からは何も聞こえてこなくなった。","Keep shouting(叫び続ける)→18,Go back to rejection(拒絶にもどる)→1711",,,,,bgm_none.mp3,img/bgi_door.png,
1711,normal,"The man's abuse remains in my ears, severely draining my heart. The weakness of wanting to return to the moment of the first rejection takes away my vitality. I took a deep breath, endured the pain in my throat, and prepared to shout again. \n\n男の罵声が耳に残り、心が激しく消耗する。\n一度目の拒絶の瞬間に戻ってしまいたいという弱気が、僕の活力を奪っていく。\n僕は深呼吸をし、喉の痛みを堪えて再び叫ぶ準備をした。","Pull myself together(気を取り直す)→16",,,,,bgm_none.mp3,img/bgi_door.png,hp-1
18,normal,"'Kevin!' I dared to call him with a suffix usually used for boys. Then, perhaps reacting to those words, the door opened slowly. I didn't miss that slight gap and slid the letter onto the entrance floor. The door slammed shut with a loud bang again, but I couldn't leave that place. There was no reaction, but I sat on my bike outside and waited to see if something would happen. The sky became increasingly dark, the exhilaration of the daytime adventure vanished somewhere, and I felt a cold anxiety crawling up from my feet again. How much time passed? Suddenly the front door opened, and Kevin came out. Finding me, he leaned quietly against the wall, saying, 'Are you still here?' \n\n「足立君！」\n僕はあえて彼を君付けで呼んだ。\nすると、その言葉に反応したのか、ゆっくりとドアが開いた。\n僕はそのわずかな隙間を見逃さず、手紙を玄関の床へと滑り込ませた。\nドアは再びバタンと大きな音を立てて閉ざされたが、僕はその場を去ることができなかった。\n何にも反応はなかったが、僕は外で自分の自転車に腰掛け、何かが起きるのをじっと待ってみた。\n空はますます暗くなり、昼間の冒険の高揚感はどこかへ消え、冷たい不安が再び足元から這い上がってくるのを感じた。\nそれからどれほどの時間が経っただろうか。\n不意に玄関のドアが開き、足立が外へ出てきた。\n彼は僕の姿を見つけると、「まだ居たのか君は」と言いながら、塀に静かに寄り掛かった。","Listen to him(話を聞く)→19,Return to silence(沈黙にもどる)→1811",,,,,bgm_none.mp3,img/bgi_house.png,
1811,normal,"In the City of Stone where the sun is setting, I'm about to be crushed by silence. The previous period of silence felt like eternity, and each time I return, my heart wears down. I stared at Kevin leaning against the wall and gathered courage to wait for his words. \n\n日が暮れていく石の都で、静寂に押しつぶされそうになる。\n先ほどの沈黙の時間が永遠のように感じられ、戻るたびに心臓が磨り減る。\n僕は塀に寄りかかる足立を見つめ、勇気を出して言葉を待った。","Pull myself together(気を取り直す)→17",,,,,bgm_none.mp3,img/bgi_house.png,hp-1
19,normal,"Kevin was staring at the letter written by his 30-year-old self in his hand. I walked up beside him and peeked at the letter from the side. A part of the letter was shining and slightly swollen. I didn't know if that was from his tears or from the passage of time. 'Right around your age, the season was about like this too, I wrote this before graduating from elementary school.' Kevin began to talk in a calm tone, as if his earlier roughness was a lie. I replied, 'I just graduated yesterday too.' He continued, tracing the letter with his finger. 'I was more anxious than most people. But you know, it wasn't the junior high life I was anxious about. I was anxious about what *I* would become. I didn't want to forget fresh feelings like the ones you have now.' \n\n足立は手元にある30年前の自分が書いた手紙を見つめていた。\n僕は彼の隣へ歩み寄り、その手紙を横から覗き込んでみた。\n手紙の一部がわずかに光ってふやけている。\nそれが彼の涙なのか、それとも時間の経過によるものなのかはわからなかった。\n「ちょうど君ぐらいのころ、季節も今ぐらいかな、小学校を卒業する前に書いたんだ。」\n足立は、先ほどまでの荒々しさが嘘のように穏やかな口調で語り始めた。\n僕は「僕も昨日卒業したばかりなんですよ」と答えた。\n彼は手紙をなぞるようにしながら続けた。\n「僕は人一倍不安でたまらなくてね。\nでもね、不安なのは中学校の生活じゃなかったんだ。\n『自分が』どうなるのかが不安だったわけだ。\n今の君みたいな新鮮な気持ちを忘れたくなくてね。」","Look at Kevin(足立を見る)→20,Wait again(待ちなおす)→1911",,,,,bgm_piano.mp3,img/bgi_man.png,
1911,normal,"Listening to Kevin's monologue, I imagine his past loneliness. I try to step back and observe his situation again, but that is an act that heartlessly shaves mental stamina. I stayed by his side and carved those words into my heart. \n\n足立の独白を聞きながら、かつての彼の孤独を想像する。\n一歩引いて、再び彼の様子を伺おうとするが、それは精神的なスタミナを無情に削る行為だ。\n僕は彼の隣に居続け、その言葉を胸に刻んだ。","Pull myself together(気を取り直す)→18",,,,,bgm_piano.mp3,img/bgi_man.png,hp-1
20,normal,"'Before I knew it, my eyes had become so clouded...' Kevin laughed self-deprecatingly and stared at his fingertips. I reflexively replied, 'No, I think you'll be fine now.' He looked at the poor handwriting in the letter and said nostalgically, yet proudly, 'I couldn't write such clumsy characters now. They're so bad you'd have to practice to write that way. But back then, I could write them without thinking. I'll never be able to write such clumsy sentences again. But this was my handwriting, and these were my sentences.' To the adult Kevin, that clumsy handwriting was a proof of himself more valuable than any masterpiece. I was deeply moved by his words and expressed my honest feelings: 'You say good things.' \n\n「気が付いたらこんなに目が濁っちまって……。」\n足立は自嘲気味に笑い、自分の指先を見つめた。\n僕は思わず「いや、もう大丈夫だと思いますよ」と言葉を返した。\n彼は手紙の拙い筆跡を見て、「こんな下手な字、今じゃ書けないね。\n練習しなきゃ書けないような下手くそな字だ。\nでもあの頃は、何も考えなくても書けた。\nこんな下手な文、二度と書けない。\nでもこれが僕の字だし、これが僕の文だったんだ」と、どこか懐かしそうに、そして誇らしそうに語った。\n大人の足立にとって、その下手くそな字は、どんな名文よりも価値のある自分自身の証明だったのだ。\n僕は彼の言葉に深い感銘を受け、「いい事言いますね」と率直な気持ちを伝えた。","Continue the conversation(会話を続ける)→21,Return to the narration(語りにもどる)→2011",,,,,bgm_piano.mp3,img/bgi_man.png,
2011,normal,"Overwhelmed by the weight of time contained in the letter, I find myself replaying the conversation from just now. Each time I return to past words, my vitality is lost bit by bit. I looked ahead and waited for Kevin's next words. \n\n手紙に込められた時間の重みに圧倒され、つい先ほどまでの会話を反芻してしまう。\n過去の言葉に戻るたびに、今の僕の気力が少しずつ失われていく。\n僕は前を見据え、足立の次の言葉を待った。","Pull myself together(気を取り直す)→19",,,,,bgm_piano.mp3,img/bgi_man.png,hp-1
21,normal,"'You should try writing one too.' Kevin tucked the letter away and said quietly while looking into my eyes. His gaze was no longer that of an adult chasing away a suspicious person, but had changed to the gentle gaze of someone looking at a boy the same age as his former self. I answered energetically, 'I'll try writing it as soon as I get home.' Then he frowned slightly and interrupted me. 'Wrong.' I tilted my head. He grinned and added. 'It’s not 'I'll try writing it,' it’s 'I'll write it.'' He was asking for an equal answer as a human being moving toward the future with the same anxieties, removing the wall of polite language. Realizing his true intent, I laughed a bit shyly. \n\n「君も、書いてみるといい。」\n足立は手紙をしまい、僕の目を見て静かに言った。\nその視線はもう、不審者を追い払う大人のものではなく、かつての自分と同じ年頃の少年を見る優しいものに変わっていた。\n僕は「早速帰ったら書いてみます」と元気よく答えた。\nすると彼は少しだけ眉をひそめ、「違うね」と僕の言葉を遮った。\n僕は「は？」と首を傾げた。\n彼はニヤリと笑ってこう付け加えた。\n「『書いてみます』じゃないよ、『書いてみるよ』だろう。」\n敬語という壁を取り払い、同じ不安を抱えて未来へ進む一人の人間としての対等な返事を、彼は求めていたのだ。\n僕はその真意を悟り、少し照れくさそうに笑った。","Exchange a promise(約束を交わす)→22,Return to dialogue(対話にもどる)→2111",,,,,bgm_peace.mp3,img/bgi_man.png,
2111,normal,"While feeling a mysterious bond with Kevin, I repeat the current dialogue in my mind once more. However, continuing to stand still takes away my vitality. I made up my mind to stand on the same linguistic horizon as him. \n\n足立との不思議な絆を感じながら、今の対話をもう一度心の中で繰り返す。\nしかし、立ち止まり続けることは今の僕の活力を奪う。\n僕は意を決して、彼と同じ言葉の地平に立とうと決めた。","Pull myself together(気を取り直す)→20",,,,,bgm_peace.mp3,img/bgi_man.png,hp-1
22,normal,"'...Yeah, I get it. I'll write it!' When I said it that way, Kevin nodded with satisfaction and brought a cold bottle of juice from inside the house to hand to me. 'Now, once you drink that, go quickly. Get home before it gets dark.' Receiving the juice, I said goodbye to him and stepped on the bike pedals. On the way back, the sky was still covered with thick clouds, but my heart had become surprisingly light. Meeting Mr. Adams felt like it changed the unidentifiable anxiety within me into a slightly more tangible 'task for myself.' I am no longer just a boy fearing a bleak junior high life. I am an adventurer with a new mission: to turn these hot feelings of this moment into words and leave them for the future. \n\n「……うん、分かった。書いてみるよ！」\n僕がそう言い直すと、足立は満足そうに頷き、家の中から冷たいペットボトルのジュースを持ってきて僕に手渡した。\n「さあ、それを飲んだら早く行け。暗くなる前に帰るんだぞ。」\n僕はジュースを受け取ると、彼に別れを告げて自転車のペダルをした。帰り道、空は相変わらず厚い雲に覆われていたが、僕の心は驚くほど軽くなっていた。足立さんとの出会いは、僕の中にあった正体不明の不安を、少しだけ形のある「自分への課題」に変えてくれたような気がした。僕はもう、見通しの暗い中学校生活を恐れるだけの少年ではない。今この瞬間の、この熱い気持ちを文字にして未来へ残すという、新しい任務を抱えた冒険者なのだ。","Take a breather(一息つく)→221,Go back to Kevin's house(足立の家へもどる)→2211",,,,,bgm_peace.mp3,img/bgi_sky.png,food+1
221,normal,"Finishing the juice he gave me, strength returns to my parched body. Each time the cold liquid passes through my throat, Kevin's words feel like they permeate my heart once more. I put the empty juice can in my backpack and pedaled back toward home. \n\nもらったジュースを飲み干すと、乾いた身体に力が戻る。\n冷たい液体が喉を通るたび、足立さんの言葉が改めて胸に染み渡る気がした。\n僕はジュースの空き缶をバックパックに入れ、再び家路へとペダルを漕ぎ出した。","Hurry home(家路を急ぐ)→23",,,,,bgm_peace.mp3,img/bgi_sky.png,!eat
2211,normal,"With each rotation of the bike pedals, the scenery of Kevin's house recedes. I feel tempted to turn back, but that would only waste energy for ending the adventure. I faced forward and started running. \n\n自転車のペダルを一漕ぎするたびに、足立の家の風景が遠ざかる。\n後ろ髪を引かれる思いで引き返そうとするが、それは冒険を終わらせるためのエネルギーを浪費するだけだ。\n僕は前を向き、走り出した。","Proceed again(再び進む)→21",,,,,bgm_peace.mp3,img/bgi_sky.png,hp-1
23,battle,"On the way back, the final and greatest trial awaited me. The sky was dark, and the wind grew colder. The 'despair toward the future' lurking in my heart appeared again as a giant black shadow. Inner voices like 'Adult Kevin was that tired, too' and 'Your eyes will get clouded like that, too' blocked my way. However, I won't stop anymore. I have what Kevin taught me through the letter, and the promise I made with him. I gripped the handlebars powerfully and stood up against this final shadow to carve out my own future. This is the trial for me to graduate from being a 'child' and take a step toward being an 'adult.' \n\n帰り道、最後にして最大の試練が僕を待ち受けていた。\n空は暗く、風は冷たさを増していく。\n僕の心の中に潜んでいた「未来への絶望」が、巨大な黒い影となって再び姿を現したのだ。\n「大人の足立もあんなに疲れていたじゃないか」「お前もあんな風に目が濁るんだ」という内なる声が、僕の行く手を阻む。\nしかし、僕はもう立ち止まらない。\n足立さんが手紙を通じて僕に教えてくれたこと、そして僕が彼と交わした約束が、今の僕にはある。\n僕はハンドルを力強く握りしめ、自分の未来を自分で切り拓くために、この最後の影へと立ち向かった。\nこれは僕が「子供」を卒業し、「大人」への一歩を踏み出すための試練なのだ。","Break through the shadow(影を打ち破る)",Despair for the Future 未来への絶望,8,7,24,bgm_battle.mp3,img/bgi_battle2.png,
24,normal,"After a fierce battle within my heart, I finally shook off my own shadow. I realized the pedals that were so heavy are now turning surprisingly light. It became time for the sun to set, but there was no sunset, and the sky remained cloudy as ever. ...However, in a corner of that sky, I felt like a faint light was leaking through. No, it must be shining. Surely. \n\n激しい心の中の戦いの末、僕はついに自分自身の影を振り払った。\n気がつくと、あんなに重かったペダルが驚くほど軽快に回っている。\n日が沈む時刻になったが、夕焼けはなく、相変わらず空は曇ったままだった。\n\n･・・しかし、そんな空の片隅で、かすかに日の光が漏れているような気がした。\n\nいや、必ず光っているだろう。\n\n必ず。","The End(おわり)→25",,,,,bgm_happy.mp3,img/bgi_last.png,
25,end,"『TIME CAPSULE』\n\nI have no time to hang out with brats like you. \nI have no time to play with you. \n\nI have no leisure to gaze at the sunset. \nI have no reason to help you. \n\nIt's creepy to laugh with you. \nI'm fed up with dealing with kids.\n\nA filthy letter from somewhere, making a sunken heart jump and dance.\nRemember the days, the days of being a boy.\n\nA letter of hope from the past, written by my old self to myself.\n\nAre you well? \nAre you doing well? \n\nDo you remember me?\n\n\nガキなんぞに付き合ってる暇はない\nお前らと遊んでる暇はない\n\n夕陽を眺める余裕などない\nお前を助ける理由もない\n\nお前と笑うのは気味が悪い\nガキの相手をするのはうんざりだ\n\n\nどこからか来た 薄汚い手紙 沈んだ心 湧き躍らせて\n\n思い出せ日々 少年の日々\n\n過去から来た 希望の手紙 昔の僕が 自分に書いた\n\nお前 元気か 元気でいるか 俺の事 覚えているか\n\n\n©1993,2026 Factory Digital Entertainment","The End(おわり)",,,,,bgm_timecapsule.mp3,img/bgi_fin.png,
